{
    "Hey Jude": 0.13194444444444445,
    "Shape of You": 0.31929292929292935,
    "Amarillo By Morning": 0.227,
    "Hotel California": 0.26111111111111107
}